fold,eğitim_recall_score,validasyon_recall_score
1,0.8923076923076924,1.0
2,0.8787878787878788,1.0
3,0.9090909090909091,0.7142857142857143
4,0.9090909090909091,0.8571428571428571
5,0.8939393939393939,1.0
6,0.8787878787878788,0.8571428571428571
7,0.8939393939393939,0.8571428571428571
8,0.9090909090909091,0.7142857142857143
9,0.8769230769230769,1.0
10,0.9076923076923077,0.75
