fold,eğitim_recall_score,validasyon_recall_score
1,0.8923076923076924,1.0
2,0.9393939393939394,0.8571428571428571
3,0.9393939393939394,1.0
4,0.9545454545454546,0.8571428571428571
5,0.8939393939393939,0.7142857142857143
6,0.9242424242424242,1.0
7,0.9545454545454546,0.7142857142857143
8,0.9090909090909091,0.7142857142857143
9,0.9538461538461539,0.875
10,0.8923076923076924,0.625
